INSERT INTO users (id, first_name, last_name, password_hash, created_at, updated_at) VALUES
(1, 'User1', 'Last1', 'hash1', '2025-05-10 23:45:49', '2025-05-10 23:45:49'),
(2, 'User2', 'Last2', 'hash2', '2025-05-10 23:45:49', '2025-05-10 23:45:49'),
(3, 'User3', 'Last3', 'hash3', '2025-05-10 23:45:49', '2025-05-10 23:45:49'),
(4, 'User4', 'Last4', 'hash4', '2025-05-10 23:45:49', '2025-05-10 23:45:49'),
(5, 'User5', 'Last5', 'hash5', '2025-05-10 23:45:49', '2025-05-10 23:45:49');

INSERT INTO auth_tokens (id, user_id, token, expires_at, created_at) VALUES
(1, 1, 'token1', '2025-06-09 23:45:49', '2025-05-10 23:45:49'),
(2, 2, 'token2', '2025-06-09 23:45:49', '2025-05-10 23:45:49'),
(3, 3, 'token3', '2025-06-09 23:45:49', '2025-05-10 23:45:49'),
(4, 4, 'token4', '2025-06-09 23:45:49', '2025-05-10 23:45:49'),
(5, 5, 'token5', '2025-06-09 23:45:49', '2025-05-10 23:45:49');

INSERT INTO groups (id, name, created_at, updated_at) VALUES
(1, 'Group1', '2025-05-10 23:45:49', '2025-05-10 23:45:49'),
(2, 'Group2', '2025-05-10 23:45:49', '2025-05-10 23:45:49'),
(3, 'Group3', '2025-05-10 23:45:49', '2025-05-10 23:45:49');

INSERT INTO user_groups (user_id, group_id, role, joined_at) VALUES
(2, 1, 'member', '2025-05-10 23:45:49'),
(2, 3, 'member', '2025-05-10 23:45:49'),
(3, 1, 'member', '2025-05-10 23:45:49'),
(3, 2, 'member', '2025-05-10 23:45:49'),
(5, 1, 'member', '2025-05-10 23:45:49'),
(5, 2, 'admin', '2025-05-10 23:45:49'),
(5, 3, 'member', '2025-05-10 23:45:49');

INSERT INTO goals (id, owner_id, group_id, description, reporting_interval, created_at, updated_at) VALUES
(1, 2, 2, 'Goal 1', 'daily', '2025-05-10 23:45:49', '2025-05-10 23:45:49'),
(2, 3, 3, 'Goal 2', 'daily', '2025-05-10 23:45:49', '2025-05-10 23:45:49'),
(3, 4, 1, 'Goal 3', 'weekly', '2025-05-10 23:45:49', '2025-05-10 23:45:49'),
(4, 5, 2, 'Goal 4', 'monthly', '2025-05-10 23:45:49', '2025-05-10 23:45:49'),
(5, 1, 3, 'Goal 5', 'monthly', '2025-05-10 23:45:49', '2025-05-10 23:45:49'),
(6, 2, 1, 'Goal 6', 'monthly', '2025-05-10 23:45:49', '2025-05-10 23:45:49'),
(7, 3, 2, 'Goal 7', 'weekly', '2025-05-10 23:45:49', '2025-05-10 23:45:49');

INSERT INTO progress_logs (id, goal_id, user_id, log_date, notes, created_at) VALUES
(1, 1, 2, '2025-05-01', 'Progress note 1', '2025-05-10 23:45:49'),
(2, 1, 2, '2025-05-02', 'Progress note 2', '2025-05-10 23:45:49'),
(3, 1, 2, '2025-05-03', 'Progress note 3', '2025-05-10 23:45:49'),
(4, 1, 2, '2025-05-04', 'Progress note 4', '2025-05-10 23:45:49'),
(5, 1, 2, '2025-05-05', 'Progress note 5', '2025-05-10 23:45:49'),
(6, 2, 3, '2025-05-01', 'Progress note 6', '2025-05-10 23:45:49'),
(7, 2, 3, '2025-05-02', 'Progress note 7', '2025-05-10 23:45:49'),
(8, 2, 3, '2025-05-03', 'Progress note 8', '2025-05-10 23:45:49'),
(9, 2, 3, '2025-05-04', 'Progress note 9', '2025-05-10 23:45:49'),
(10, 2, 3, '2025-05-05', 'Progress note 10', '2025-05-10 23:45:49'),
(11, 3, 4, '2025-05-01', 'Progress note 11', '2025-05-10 23:45:49'),
(12, 3, 4, '2025-05-02', 'Progress note 12', '2025-05-10 23:45:49'),
(13, 3, 4, '2025-05-03', 'Progress note 13', '2025-05-10 23:45:49'),
(14, 3, 4, '2025-05-04', 'Progress note 14', '2025-05-10 23:45:49'),
(15, 3, 4, '2025-05-05', 'Progress note 15', '2025-05-10 23:45:49'),
(16, 4, 5, '2025-05-01', 'Progress note 16', '2025-05-10 23:45:49'),
(17, 4, 5, '2025-05-02', 'Progress note 17', '2025-05-10 23:45:49'),
(18, 4, 5, '2025-05-03', 'Progress note 18', '2025-05-10 23:45:49'),
(19, 4, 5, '2025-05-04', 'Progress note 19', '2025-05-10 23:45:49'),
(20, 4, 5, '2025-05-05', 'Progress note 20', '2025-05-10 23:45:49'),
(21, 5, 1, '2025-05-01', 'Progress note 21', '2025-05-10 23:45:49'),
(22, 5, 1, '2025-05-02', 'Progress note 22', '2025-05-10 23:45:49'),
(23, 5, 1, '2025-05-03', 'Progress note 23', '2025-05-10 23:45:49'),
(24, 5, 1, '2025-05-04', 'Progress note 24', '2025-05-10 23:45:49'),
(25, 5, 1, '2025-05-05', 'Progress note 25', '2025-05-10 23:45:49'),
(26, 6, 2, '2025-05-01', 'Progress note 26', '2025-05-10 23:45:49'),
(27, 6, 2, '2025-05-02', 'Progress note 27', '2025-05-10 23:45:49'),
(28, 6, 2, '2025-05-03', 'Progress note 28', '2025-05-10 23:45:49'),
(29, 6, 2, '2025-05-04', 'Progress note 29', '2025-05-10 23:45:49'),
(30, 6, 2, '2025-05-05', 'Progress note 30', '2025-05-10 23:45:49'),
(31, 7, 3, '2025-05-01', 'Progress note 31', '2025-05-10 23:45:49'),
(32, 7, 3, '2025-05-02', 'Progress note 32', '2025-05-10 23:45:49'),
(33, 7, 3, '2025-05-03', 'Progress note 33', '2025-05-10 23:45:49'),
(34, 7, 3, '2025-05-04', 'Progress note 34', '2025-05-10 23:45:49'),
(35, 7, 3, '2025-05-05', 'Progress note 35', '2025-05-10 23:45:49');

INSERT INTO group_rules (id, group_id, rule_type, frequency, max_allowed_misses, parameters, created_at, updated_at) VALUES
(1, 2, 'streak', 'weekly', 1, '{}', '2025-05-10 23:45:49', '2025-05-10 23:45:49'),
(2, 3, 'custom', 'monthly', 3, '{}', '2025-05-10 23:45:49', '2025-05-10 23:45:49'),
(3, 1, 'custom', 'monthly', 0, '{}', '2025-05-10 23:45:49', '2025-05-10 23:45:49');

INSERT INTO streaks (id, goal_id, user_id, current_len, last_log, highest_len, created_at, updated_at) VALUES
(1, 2, 2, 9, '2025-05-05', 13, '2025-05-10 23:45:49', '2025-05-10 23:45:49'),
(2, 3, 3, 4, '2025-05-05', 14, '2025-05-10 23:45:49', '2025-05-10 23:45:49'),
(3, 4, 4, 2, '2025-05-05', 16, '2025-05-10 23:45:49', '2025-05-10 23:45:49'),
(4, 5, 5, 9, '2025-05-05', 19, '2025-05-10 23:45:49', '2025-05-10 23:45:49'),
(5, 6, 1, 7, '2025-05-05', 19, '2025-05-10 23:45:49', '2025-05-10 23:45:49');